{
  "files": [
    {
      "filepath": "/Users/andrewjarrett/dev/OSS/guard/packages/schema/test/equals.bench.ts",
      "groups": [
        {
          "fullName": "test/equals.bench.ts > 〖🏁️〗‹‹‹ ❲deepEquals❳: same value",
          "benchmarks": [
            {
              "id": "-645629996_0_0",
              "name": "❲lodash.isEqual❳",
              "rank": 2,
              "rme": 0.16755314594851126,
              "samples": [],
              "totalTime": 500.0000340000367,
              "min": 0.00008299999990413198,
              "max": 0.20324999999996862,
              "hz": 5945199.595725992,
              "period": 0.00016820293144050215,
              "mean": 0.00016820293144050215,
              "variance": 6.1460575780573e-8,
              "sd": 0.0002479124357118315,
              "sem": 1.43790460819479e-7,
              "df": 2972599,
              "critical": 1.96,
              "moe": 2.8182930320617887e-7,
              "p75": 0.00016700000003311288,
              "p99": 0.00020899999992707308,
              "p995": 0.00020900000004075991,
              "p999": 0.00029099999994741665,
              "sampleCount": 2972600,
              "median": 0.00016699999991942605
            },
            {
              "id": "-645629996_0_1",
              "name": "❲isEqual❳",
              "rank": 1,
              "rme": 0.20152311037288118,
              "samples": [],
              "totalTime": 500.0000339993767,
              "min": 0,
              "max": 0.16058299999986048,
              "hz": 26491434.1986155,
              "period": 0.00003774805065300172,
              "mean": 0.00003774805065300172,
              "variance": 1.995272125877618e-8,
              "sd": 0.00014125410174142263,
              "sem": 3.8811758051561105e-8,
              "df": 13245717,
              "critical": 1.96,
              "moe": 7.607104578105976e-8,
              "p75": 0.00004200000012133387,
              "p99": 0.00004200000012133387,
              "p995": 0.00004200000012133387,
              "p999": 0.00004200000012133387,
              "sampleCount": 13245718,
              "median": 0.00004199999966658652
            }
          ]
        },
        {
          "fullName": "test/equals.bench.ts > 〖🏁️〗‹‹‹ ❲deepEquals❳: different values",
          "benchmarks": [
            {
              "id": "-645629996_1_0",
              "name": "❲lodash.isEqual❳",
              "rank": 2,
              "rme": 0.8357403905860521,
              "samples": [],
              "totalTime": 500.0000280000395,
              "min": 0.0004579999995257822,
              "max": 0.5152920000000449,
              "hz": 1696881.9049744795,
              "period": 0.0005893162023052157,
              "mean": 0.0005893162023052157,
              "variance": 0.000005357338044229631,
              "sd": 0.002314592414277216,
              "sem": 0.000002512833434149234,
              "df": 848440,
              "critical": 1.96,
              "moe": 0.000004925153530932498,
              "p75": 0.0005830000000059954,
              "p99": 0.0006250000005820766,
              "p995": 0.0007500000001527951,
              "p999": 0.002375000000029104,
              "sampleCount": 848441,
              "median": 0.0005830000000059954
            },
            {
              "id": "-645629996_1_1",
              "name": "❲isEqual❳",
              "rank": 1,
              "rme": 2.1327850028253197,
              "samples": [],
              "totalTime": 500.0000079988595,
              "min": 0,
              "max": 0.5993750000006912,
              "hz": 12401803.801599428,
              "period": 0.00008063343171668565,
              "mean": 0.00008063343171668565,
              "variance": 0.000004773832409714111,
              "sd": 0.0021849101605590357,
              "sem": 8.774172137330951e-7,
              "df": 6200901,
              "critical": 1.96,
              "moe": 0.0000017197377389168663,
              "p75": 0.00008300000081362668,
              "p99": 0.00008400000115216244,
              "p995": 0.00008400000115216244,
              "p999": 0.0005000000001018634,
              "sampleCount": 6200902,
              "median": 0.00008299999899463728
            }
          ]
        }
      ]
    }
  ]
}