{
  "files": [
    {
      "filepath": "/Users/andrewjarrett/dev/OSS/guard/packages/schema/test/equals.bench.ts",
      "groups": [
        {
          "fullName": "test/equals.bench.ts > 〖🏁️〗‹‹‹ ❲deepEquals❳: same value",
          "benchmarks": [
            {
              "id": "-645629996_0_0",
              "name": "❲lodash.isEqual❳",
              "rank": 2,
              "rme": 0.08088160258595903,
              "samples": [],
              "totalTime": 500.0000450000119,
              "min": 0.00004200000012133387,
              "max": 0.10399999999992815,
              "hz": 5914997.467650087,
              "period": 0.00016906177990255007,
              "mean": 0.00016906177990255007,
              "variance": 1.4394707127418445e-8,
              "sd": 0.00011997794433735913,
              "sem": 6.976524333955576e-8,
              "df": 2957498,
              "critical": 1.96,
              "moe": 1.367398769455293e-7,
              "p75": 0.00016700000003311288,
              "p99": 0.00020900000004075991,
              "p995": 0.00020900000004075991,
              "p999": 0.0002919999999448919,
              "sampleCount": 2957499,
              "median": 0.00016699999991942605
            },
            {
              "id": "-645629996_0_1",
              "name": "❲isEqual❳",
              "rank": 1,
              "rme": 0.1879634738480992,
              "samples": [],
              "totalTime": 500.0000049998016,
              "min": 0,
              "max": 0.21516599999995378,
              "hz": 26441423.735596254,
              "period": 0.00003781944610848505,
              "mean": 0.00003781944610848505,
              "variance": 1.7390815820430502e-8,
              "sd": 0.00013187424244495398,
              "sem": 3.626874729368279e-8,
              "df": 13220711,
              "critical": 1.96,
              "moe": 7.108674469561827e-8,
              "p75": 0.00004200000012133387,
              "p99": 0.00004200000012133387,
              "p995": 0.00004200000012133387,
              "p999": 0.00008299999990413198,
              "sampleCount": 13220712,
              "median": 0.00004199999966658652
            }
          ]
        },
        {
          "fullName": "test/equals.bench.ts > 〖🏁️〗‹‹‹ ❲deepEquals❳: different values",
          "benchmarks": [
            {
              "id": "-645629996_1_0",
              "name": "❲lodash.isEqual❳",
              "rank": 2,
              "rme": 0.3373749614330816,
              "samples": [],
              "totalTime": 500.00012899956437,
              "min": 0.0003750000005311449,
              "max": 0.21541600000000471,
              "hz": 1937503.5001257851,
              "period": 0.0005161280998641183,
              "mean": 0.0005161280998641183,
              "variance": 7.646121128773845e-7,
              "sd": 0.0008744210158026765,
              "sem": 8.884117233989112e-7,
              "df": 968751,
              "critical": 1.96,
              "moe": 0.000001741286977861866,
              "p75": 0.0005000000001018634,
              "p99": 0.0005420000006779446,
              "p995": 0.0006659999999101274,
              "p999": 0.001291999999921245,
              "sampleCount": 968752,
              "median": 0.0005000000001018634
            },
            {
              "id": "-645629996_1_1",
              "name": "❲isEqual❳",
              "rank": 1,
              "rme": 0.6738114448624645,
              "samples": [],
              "totalTime": 500.0069470002718,
              "min": 0,
              "max": 0.28220799999962765,
              "hz": 16182097.16593318,
              "period": 0.00006179668739755293,
              "mean": 0.00006179668739755293,
              "variance": 3.6517905271451395e-7,
              "sd": 0.0006043004655918395,
              "sem": 2.1244548583193467e-7,
              "df": 8091160,
              "critical": 1.96,
              "moe": 4.1639315223059195e-7,
              "p75": 0.00008299999990413198,
              "p99": 0.00008400000115216244,
              "p995": 0.00008400000115216244,
              "p999": 0.0003750000005311449,
              "sampleCount": 8091161,
              "median": 0.00004200000057608122
            }
          ]
        }
      ]
    }
  ]
}