{
  "files": [
    {
      "filepath": "/Users/andrewjarrett/dev/OSS/guard/packages/schema/test/equals.bench.ts",
      "groups": [
        {
          "fullName": "test/equals.bench.ts > 〖🏁️〗‹‹‹ ❲deepEquals❳: same value",
          "benchmarks": [
            {
              "id": "-645629996_0_0",
              "name": "❲lodash.isEqual❳",
              "rank": 2,
              "rme": 0.4974961488171772,
              "samples": [],
              "totalTime": 500.3243879887159,
              "min": 0.00008299999171867967,
              "max": 1.220459000003757,
              "hz": 5946188.255902284,
              "period": 0.00016817496469395896,
              "mean": 0.00016817496469395896,
              "variance": 5.421011412825426e-7,
              "sd": 0.0007362751804064447,
              "sem": 4.268693737893333e-7,
              "df": 2975022,
              "critical": 1.96,
              "moe": 8.366639726270933e-7,
              "p75": 0.0001669999910518527,
              "p99": 0.00020899999071843922,
              "p995": 0.00020899999071843922,
              "p999": 0.000291000003926456,
              "sampleCount": 2975023,
              "median": 0.0001669999910518527
            },
            {
              "id": "-645629996_0_1",
              "name": "❲NodeJSUtil.isDeepStrictEqual❳",
              "rank": 3,
              "rme": 0.1549287578140168,
              "samples": [],
              "totalTime": 500.0001500172366,
              "min": 0.00016599998343735933,
              "max": 0.18416599999181926,
              "hz": 3912772.8260332667,
              "period": 0.0002555732327076578,
              "mean": 0.0002555732327076578,
              "variance": 7.984310832494536e-8,
              "sd": 0.0002825652284428241,
              "sem": 2.0201858915260243e-7,
              "df": 1956386,
              "critical": 1.96,
              "moe": 3.9595643473910077e-7,
              "p75": 0.0002500000118743628,
              "p99": 0.00029200001154094934,
              "p995": 0.00029200001154094934,
              "p999": 0.00041599999531172216,
              "sampleCount": 1956387,
              "median": 0.0002500000118743628
            },
            {
              "id": "-645629996_0_2",
              "name": "❲isEqual❳",
              "rank": 1,
              "rme": 0.2149565875746127,
              "samples": [],
              "totalTime": 500.00000098207965,
              "min": 0,
              "max": 0.2288750000006985,
              "hz": 26424739.9480976,
              "period": 0.00003784332417136968,
              "mean": 0.00003784332417136968,
              "variance": 2.2758763279202407e-8,
              "sd": 0.00015086007848069815,
              "sem": 4.1503427685497377e-8,
              "df": 13212369,
              "critical": 1.96,
              "moe": 8.134671826357486e-8,
              "p75": 0.00004199999966658652,
              "p99": 0.00004199999966658652,
              "p995": 0.000042000028770416975,
              "p999": 0.00008299999171867967,
              "sampleCount": 13212370,
              "median": 0.00004199999966658652
            }
          ]
        },
        {
          "fullName": "test/equals.bench.ts > 〖🏁️〗‹‹‹ ❲deepEquals❳: different values",
          "benchmarks": [
            {
              "id": "-645629996_1_0",
              "name": "❲lodash.isEqual❳",
              "rank": 3,
              "rme": 0.9103858007714284,
              "samples": [],
              "totalTime": 500.00033599333256,
              "min": 0.00041599999531172216,
              "max": 0.6015000000188593,
              "hz": 1858830.7508905227,
              "period": 0.0005379725935354379,
              "mean": 0.0005379725935354379,
              "variance": 0.000005803222951896344,
              "sd": 0.002408987951795597,
              "sem": 0.0000024987888283614377,
              "df": 929415,
              "critical": 1.96,
              "moe": 0.0000048976261035884175,
              "p75": 0.0005410000158008188,
              "p99": 0.0005840000230818987,
              "p995": 0.0006670000148005784,
              "p999": 0.0016669999749865383,
              "sampleCount": 929416,
              "median": 0.0004999999946448952
            },
            {
              "id": "-645629996_1_1",
              "name": "❲NodeJSUtil.isDeepStrictEqual❳",
              "rank": 2,
              "rme": 1.28243782552347,
              "samples": [],
              "totalTime": 500.0001120038796,
              "min": 0.00024999998277053237,
              "max": 0.9052499999816064,
              "hz": 2442071.452957046,
              "period": 0.00040948842786279815,
              "mean": 0.00040948842786279815,
              "variance": 0.000008765409903314909,
              "sd": 0.002960643494802255,
              "sem": 0.000002679303311251996,
              "df": 1221035,
              "critical": 1.96,
              "moe": 0.000005251434490053912,
              "p75": 0.000375000003259629,
              "p99": 0.00045900000259280205,
              "p995": 0.0008750000270083547,
              "p999": 0.002166999998735264,
              "sampleCount": 1221036,
              "median": 0.000375000003259629
            },
            {
              "id": "-645629996_1_2",
              "name": "❲isEqual❳",
              "rank": 1,
              "rme": 2.7231496447900025,
              "samples": [],
              "totalTime": 500.0000250071171,
              "min": 0,
              "max": 0.7462499999965075,
              "hz": 12654367.367101507,
              "period": 0.00007902410061207594,
              "mean": 0.00007902410061207594,
              "variance": 0.000007627117913152521,
              "sd": 0.0027617237213654303,
              "sem": 0.0000010979308750593063,
              "df": 6327183,
              "critical": 1.96,
              "moe": 0.0000021519445151162403,
              "p75": 0.00008299999171867967,
              "p99": 0.00008399999933317304,
              "p995": 0.0000840000284370035,
              "p999": 0.000375000003259629,
              "sampleCount": 6327184,
              "median": 0.00004199999966658652
            }
          ]
        }
      ]
    }
  ]
}