{
  "files": [
    {
      "filepath": "/Users/andrewjarrett/dev/OSS/guard/packages/schema/test/equals.bench.ts",
      "groups": [
        {
          "fullName": "test/equals.bench.ts > 〖🏁️〗‹‹‹ ❲deepEquals❳: same value",
          "benchmarks": [
            {
              "id": "-645629996_0_0",
              "name": "❲lodash.isEqual❳",
              "rank": 2,
              "rme": 0.2908535377623928,
              "samples": [],
              "totalTime": 500.0000360000658,
              "min": 0.00004100000001017179,
              "max": 0.4165419999999358,
              "hz": 5869027.577429242,
              "period": 0.00017038597737140316,
              "mean": 0.00017038597737140316,
              "variance": 1.876032872719686e-7,
              "sd": 0.00043313195134042995,
              "sem": 2.528436954264062e-7,
              "df": 2934513,
              "critical": 1.96,
              "moe": 4.955736430357562e-7,
              "p75": 0.00016700000003311288,
              "p99": 0.00020900000004075991,
              "p995": 0.00020900000004075991,
              "p999": 0.00029200000017226557,
              "sampleCount": 2934514,
              "median": 0.00016699999991942605
            },
            {
              "id": "-645629996_0_1",
              "name": "❲isEqual❳",
              "rank": 1,
              "rme": 0.3164381857417945,
              "samples": [],
              "totalTime": 500.00001199978715,
              "min": 0,
              "max": 0.28125,
              "hz": 26044145.3749516,
              "period": 0.000038396345343770314,
              "mean": 0.000038396345343770314,
              "variance": 5.0040948502071885e-8,
              "sd": 0.00022369834264489286,
              "sem": 6.199015234539835e-8,
              "df": 13022072,
              "critical": 1.96,
              "moe": 1.2150069859698076e-7,
              "p75": 0.00004200000012133387,
              "p99": 0.00004200000012133387,
              "p995": 0.00004200000012133387,
              "p999": 0.00008399999978792039,
              "sampleCount": 13022073,
              "median": 0.00004199999966658652
            }
          ]
        },
        {
          "fullName": "test/equals.bench.ts > 〖🏁️〗‹‹‹ ❲deepEquals❳: different values",
          "benchmarks": [
            {
              "id": "-645629996_1_0",
              "name": "❲lodash.isEqual❳",
              "rank": 2,
              "rme": 0.42264228069682375,
              "samples": [],
              "totalTime": 500.0533020000994,
              "min": 0.00041599999985919567,
              "max": 0.2897499999999127,
              "hz": 1754692.9427131864,
              "period": 0.0005699002803611636,
              "mean": 0.0005699002803611636,
              "variance": 0.0000013251007806436528,
              "sd": 0.00115113021880396,
              "sem": 0.0000012288977258244971,
              "df": 877439,
              "critical": 1.96,
              "moe": 0.0000024086395426160142,
              "p75": 0.0005420000006779446,
              "p99": 0.0006250000005820766,
              "p995": 0.0007910000003903406,
              "p999": 0.003958000000238826,
              "sampleCount": 877440,
              "median": 0.0005419999997684499
            },
            {
              "id": "-645629996_1_1",
              "name": "❲isEqual❳",
              "rank": 1,
              "rme": 1.425135596456644,
              "samples": [],
              "totalTime": 500.0000829998198,
              "min": 0,
              "max": 2.700417000000016,
              "hz": 13467209.764448032,
              "period": 0.0000742544311324155,
              "mean": 0.0000742544311324155,
              "variance": 0.0000019628751852847318,
              "sd": 0.0014010264755830748,
              "sem": 5.39911392864509e-7,
              "df": 6733605,
              "critical": 1.96,
              "moe": 0.0000010582263300144376,
              "p75": 0.00008300000081362668,
              "p99": 0.00008400000115216244,
              "p995": 0.0001249999995707185,
              "p999": 0.0005000000001018634,
              "sampleCount": 6733606,
              "median": 0.00008299999990413198
            }
          ]
        }
      ]
    }
  ]
}