{
  "files": [
    {
      "filepath": "/Users/andrewjarrett/dev/OSS/guard/packages/schema/test/equals.bench.ts",
      "groups": [
        {
          "fullName": "test/equals.bench.ts > 〖🏁️〗‹‹‹ ❲deepEquals❳: same value",
          "benchmarks": [
            {
              "id": "-645629996_0_0",
              "name": "❲lodash.isEqual❳",
              "rank": 2,
              "rme": 0.20631065154581513,
              "samples": [],
              "totalTime": 500.0001029999625,
              "min": 0.00004200000012133387,
              "max": 0.27691700000002584,
              "hz": 5919512.780580811,
              "period": 0.00016893282218775478,
              "mean": 0.00016893282218775478,
              "variance": 9.358694911238343e-8,
              "sd": 0.00030591984099169413,
              "sem": 1.778195949644338e-7,
              "df": 2959756,
              "critical": 1.96,
              "moe": 3.4852640613029023e-7,
              "p75": 0.00016700000003311288,
              "p99": 0.00020800000004328467,
              "p995": 0.00020900000004075991,
              "p999": 0.00029200000005857873,
              "sampleCount": 2959757,
              "median": 0.00016699999991942605
            },
            {
              "id": "-645629996_0_1",
              "name": "❲isEqual❳",
              "rank": 1,
              "rme": 0.27173358203902864,
              "samples": [],
              "totalTime": 500.0000279996266,
              "min": 0,
              "max": 0.23679200000015044,
              "hz": 25926908.548112486,
              "period": 0.00003856996672566276,
              "mean": 0.00003856996672566276,
              "variance": 3.7067541092348224e-8,
              "sd": 0.00019252932527889934,
              "sem": 5.3473240905563714e-8,
              "df": 12963454,
              "critical": 1.96,
              "moe": 1.0480755217490488e-7,
              "p75": 0.00004200000012133387,
              "p99": 0.00004200000012133387,
              "p995": 0.00004200000012133387,
              "p999": 0.00008400000024266774,
              "sampleCount": 12963455,
              "median": 0.00004199999966658652
            }
          ]
        },
        {
          "fullName": "test/equals.bench.ts > 〖🏁️〗‹‹‹ ❲deepEquals❳: different values",
          "benchmarks": [
            {
              "id": "-645629996_1_0",
              "name": "❲lodash.isEqual❳",
              "rank": 2,
              "rme": 1.1687328288358783,
              "samples": [],
              "totalTime": 500.00045200023396,
              "min": 0.0003749999996216502,
              "max": 0.7428330000002461,
              "hz": 1862396.3163928585,
              "period": 0.0005369426427651167,
              "mean": 0.0005369426427651167,
              "variance": 0.000009545894640461757,
              "sd": 0.0030896431250974207,
              "sem": 0.000003201747417354527,
              "df": 931198,
              "critical": 1.96,
              "moe": 0.000006275424938014873,
              "p75": 0.0005000000001018634,
              "p99": 0.0005840000003445311,
              "p995": 0.0007500000001527951,
              "p999": 0.002749999999650754,
              "sampleCount": 931199,
              "median": 0.0005000000001018634
            },
            {
              "id": "-645629996_1_1",
              "name": "❲isEqual❳",
              "rank": 1,
              "rme": 0.16360200011785,
              "samples": [],
              "totalTime": 500.0000019984127,
              "min": 0,
              "max": 0.059333999999580556,
              "hz": 17168167.93138183,
              "period": 0.00005824733332041167,
              "mean": 0.00005824733332041167,
              "variance": 2.0291358707213498e-8,
              "sd": 0.00014244774026713622,
              "sem": 4.861928690178795e-8,
              "df": 8584083,
              "critical": 1.96,
              "moe": 9.529380232750438e-8,
              "p75": 0.00008299999990413198,
              "p99": 0.00008400000115216244,
              "p995": 0.00008400000115216244,
              "p999": 0.00016700000014679972,
              "sampleCount": 8584084,
              "median": 0.00004199999966658652
            }
          ]
        }
      ]
    }
  ]
}